Problem Size,Sequential,Sequential Error,Async Workflow,Async Workflow Error,TPL,TPL Error;Lenient;Lenient Error
10,1675.570000,13090.982671,2259.890000,18416.565082,2196.020000,19008.738316,68167.580000,87933.881699
100,2360.515000,9341.475587,2186.480000,13024.106683,2315.690000,13485.399835,188009.400000,565647.667189
1000,12824.593333,16668.928455,10729.516667,27612.385388,11132.153333,17072.989778,1410662.060000,1854783.791745
10000,95141.135000,373760.403468,73861.767500,121288.627785,82002.207500,136158.749161,43696257.767500,74341055.962090
100000,911440.958000,2223071.498977,775637.916000,1500631.899055,830673.262000,1630247.550990,659201974.598000,1238292018.183980
