Problem Size,Sequential,Sequential Error,Async Workflow,Async Workflow Error,TPL,TPL Error;Lenient;Lenient Error
1,3110.510000,30399.476944,133711.850000,1322215.054574,11178.380000,110445.468278,11032.370000,104943.176863
4,1627.860000,21556.548923,154935.405000,1427670.452211,12353.540000,108028.341816,92039.840000,976026.570843
8,1108.213333,17616.184715,119167.436667,1166994.911353,10630.696667,88305.842957,69193.650000,797584.875806
16,859.462500,15262.146906,106905.572500,1011387.770804,11878.315000,78222.729106,62144.192500,691148.125227
32,728.038000,13653.410832,12125745.978000,267451890.219135,12810.464000,69998.993528,63212.188000,623008.764738
