Problem Size,Sequential,Sequential Error,Async Workflow,Async Workflow Error,TPL,TPL Error;Lenient;Lenient Error
1,13.390000,130.318602,462.410000,4574.693959,22.980000,225.238362,27.540000,264.772786
4,6.830000,92.384474,446.720000,4200.683004,68.820000,781.348634,185.520000,1926.015036
8,4.683333,75.495406,343.363333,3434.048964,56.600000,639.393291,142.423333,1573.997092
16,3.687500,65.414447,330.235000,3031.467592,50.295000,553.842584,123.937500,1363.853681
32,3.198000,58.528752,25926.470000,571788.759409,48.216000,495.400700,116.238000,1220.924075
